{
  "kind": "rtc_g1f_commblind_control",
  "claim": "Control for the g1f 'mii moves' result: shared_weights reproduction with COMM-BLIND (random) fitness reaches the same cross-agent mii as survival selection -> the mii rise is clonal descent-convergence, not selection for communication.",
  "seeds": [
    0,
    1,
    2,
    3,
    4,
    5,
    6,
    7,
    8,
    9,
    10,
    11,
    12,
    13,
    14,
    15,
    16,
    17,
    18,
    19,
    20,
    21,
    22,
    23,
    24,
    25,
    26,
    27,
    28,
    29,
    30,
    31,
    32,
    33,
    34,
    35,
    36,
    37,
    38,
    39,
    40,
    41,
    42,
    43,
    44,
    45,
    46,
    47
  ],
  "survival_final_mii": [
    0.08027,
    0.14344,
    0.378,
    0.15152,
    0.3072,
    0.0832,
    0.24811,
    0.1535,
    0.17472,
    0.28657,
    0.1196,
    0.0744,
    0.11408,
    0.0949,
    0.2432,
    0.12602,
    0.11748,
    0.23416,
    0.17016,
    0.10224,
    0.1848,
    0.2256,
    0.22848,
    0.138,
    0.08844,
    0.22272,
    0.36288,
    0.20533,
    0.18144,
    0.1186,
    0.1128,
    0.16164,
    0.24771,
    0.23232,
    0.1828,
    0.30648,
    0.1728,
    0.14667,
    0.04043,
    0.2052,
    0.1248,
    0.10283,
    0.1572,
    0.18984,
    0.2088,
    0.1134,
    0.07376,
    0.12656
  ],
  "commblind_final_mii": [
    0.256,
    0.04936,
    0.12699,
    0.11392,
    0.1323,
    0.1272,
    0.15042,
    0.09864,
    0.07083,
    0.15666,
    0.12528,
    0.07788,
    0.0268,
    0.16768,
    0.19044,
    0.18736,
    0.1755,
    0.0981,
    0.0606,
    0.11664,
    0.0798,
    0.17551,
    0.2052,
    0.2412,
    0.0762,
    0.1432,
    0.29888,
    0.15725,
    0.08288,
    0.06507,
    0.23916,
    0.06372,
    0.11336,
    0.12856,
    0.0504,
    0.05163,
    0.1656,
    0.10368,
    0.06672,
    0.18432,
    0.11038,
    0.0626,
    0.13473,
    0.09892,
    0.10612,
    0.1968,
    0.13395,
    0.05634
  ],
  "frozen_final_mii": [
    0.00149,
    0.00106,
    0.00217,
    0.00176,
    0.00165,
    0.00111,
    0.00218,
    0.00132,
    0.00189,
    0.00168,
    0.00198,
    0.0012,
    0.00127,
    0.00182,
    0.00139,
    0.00205,
    0.00165,
    0.00191,
    0.00207,
    0.00191,
    0.00163,
    0.00145,
    0.00199,
    0.00137,
    0.00148,
    0.00181,
    0.00193,
    0.00139,
    0.00161,
    0.00161,
    0.00219,
    0.00151,
    0.00194,
    0.00141,
    0.00131,
    0.00175,
    0.00173,
    0.00173,
    0.00157,
    0.00133,
    0.00101,
    0.00155,
    0.00145,
    0.00118,
    0.00142,
    0.00167,
    0.00147,
    0.00203
  ],
  "survival_mean": 0.17219,
  "survival_ci": [
    0.1523,
    0.1955
  ],
  "commblind_mean": 0.1271,
  "commblind_ci": [
    0.1102,
    0.145
  ],
  "frozen_mean": 0.00163,
  "frozen_ci": [
    0.0015,
    0.0017
  ],
  "survival_minus_commblind_ci": [
    0.0202,
    0.0673
  ],
  "mii_moves_is_descent_convergence_artifact": false
}