{
  "kind": "rtc_g1f_commblind_control",
  "claim": "Control for the g1f 'mii moves' result: shared_weights reproduction with COMM-BLIND (random) fitness reaches the same cross-agent mii as survival selection -> the mii rise is clonal descent-convergence, not selection for communication.",
  "seeds": [
    0,
    1,
    2,
    3,
    4,
    5,
    6,
    7,
    8,
    9,
    10,
    11,
    12,
    13,
    14,
    15,
    16,
    17,
    18,
    19,
    20,
    21,
    22,
    23,
    24,
    25,
    26,
    27,
    28,
    29,
    30,
    31,
    32,
    33,
    34,
    35,
    36,
    37,
    38,
    39,
    40,
    41,
    42,
    43,
    44,
    45,
    46,
    47
  ],
  "survival_final_mii": [
    0.08027,
    0.14344,
    0.378,
    0.15152,
    0.3072,
    0.0832,
    0.24811,
    0.1535,
    0.17472,
    0.28657,
    0.1196,
    0.0744,
    0.11408,
    0.0949,
    0.2432,
    0.12602,
    0.11748,
    0.23416,
    0.17016,
    0.10224,
    0.1848,
    0.2256,
    0.22848,
    0.138,
    0.08844,
    0.22272,
    0.36288,
    0.20533,
    0.18144,
    0.1186,
    0.1128,
    0.16164,
    0.24771,
    0.23232,
    0.1828,
    0.30648,
    0.1728,
    0.14667,
    0.04043,
    0.2052,
    0.1248,
    0.10283,
    0.1572,
    0.18984,
    0.2088,
    0.1134,
    0.07376,
    0.12656
  ],
  "commblind_final_mii": [
    0.105,
    0.19184,
    0.0546,
    0.03525,
    0.13992,
    0.12212,
    0.23424,
    0.07744,
    0.15288,
    0.0828,
    0.04282,
    0.08575,
    0.2124,
    0.0576,
    0.11388,
    0.27786,
    0.06269,
    0.32485,
    0.09373,
    0.06192,
    0.03712,
    0.08028,
    0.078,
    0.08899,
    0.0768,
    0.2412,
    0.11412,
    0.1576,
    0.21024,
    0.07506,
    0.03827,
    0.04177,
    0.11136,
    0.23136,
    0.06576,
    0.0516,
    0.13728,
    0.1854,
    0.22608,
    0.13029,
    0.1128,
    0.03452,
    0.10122,
    0.13707,
    0.0617,
    0.05564,
    0.16821,
    0.0558
  ],
  "frozen_final_mii": [
    0.00149,
    0.00106,
    0.00217,
    0.00176,
    0.00165,
    0.00111,
    0.00218,
    0.00132,
    0.00189,
    0.00168,
    0.00198,
    0.0012,
    0.00127,
    0.00182,
    0.00139,
    0.00205,
    0.00165,
    0.00191,
    0.00207,
    0.00191,
    0.00163,
    0.00145,
    0.00199,
    0.00137,
    0.00148,
    0.00181,
    0.00193,
    0.00139,
    0.00161,
    0.00161,
    0.00219,
    0.00151,
    0.00194,
    0.00141,
    0.00131,
    0.00175,
    0.00173,
    0.00173,
    0.00157,
    0.00133,
    0.00101,
    0.00155,
    0.00145,
    0.00118,
    0.00142,
    0.00167,
    0.00147,
    0.00203
  ],
  "survival_mean": 0.17219,
  "survival_ci": [
    0.1523,
    0.1955
  ],
  "commblind_mean": 0.1174,
  "commblind_ci": [
    0.098,
    0.1386
  ],
  "frozen_mean": 0.00163,
  "frozen_ci": [
    0.0015,
    0.0017
  ],
  "survival_minus_commblind_ci": [
    0.0234,
    0.0849
  ],
  "mii_moves_is_descent_convergence_artifact": false,
  "rng_match_fixed": true,
  "provenance": {
    "stage": "g1f-commblind-control (rng-match-fixed)",
    "command_hint": "RTC_G1F_FORMAL=1 RTC_TOXIC_DEATH=-0.9 RTC_G1F_COMMBLIND_SEEDS=48 python -m offscreen.rtc_g1f_commblind_control",
    "git_commit": "254f3d7d25c9",
    "git_dirty": true,
    "env": {
      "RTC_G1F_FORMAL": "1",
      "RTC_TOXIC_DEATH": "-0.9",
      "RTC_G1F_COMMBLIND_SEEDS": "48"
    },
    "effective_config": {
      "POP": 16,
      "GENS": 28,
      "ROUNDS": 55,
      "n_seeds": 48,
      "fake_fitness_rng": "independent (offset +9e6)"
    },
    "runbook": "offscreen/RUNBOOK.md"
  }
}